[{"ESTADO":"Para\u00edba","CIDADE":"Jo\u00e3o Pessoa","Sigla":"PB","N\u00ba Habitantes":604564.0,"M\u00c9DIA SALARIAL":1500,"Data \u2013 Censo":1706659200000},{"ESTADO":"Rio Grande do Norte","CIDADE":"Natal","Sigla":"RN","N\u00ba Habitantes":765298.0,"M\u00c9DIA SALARIAL":2000,"Data \u2013 Censo":1709164800000},{"ESTADO":"Pernambuco","CIDADE":"Recife","Sigla":"PE","N\u00ba Habitantes":890765.0,"M\u00c9DIA SALARIAL":3023,"Data \u2013 Censo":1711843200000},{"ESTADO":"Cear\u00e1","CIDADE":"Fortaleza","Sigla":"CE","N\u00ba Habitantes":149087.0,"M\u00c9DIA SALARIAL":3200,"Data \u2013 Censo":1714435200000},{"ESTADO":"Bahia","CIDADE":"Salvador","Sigla":"BA","N\u00ba Habitantes":1920613.0,"M\u00c9DIA SALARIAL":2199,"Data \u2013 Censo":1717113600000}]